CREATE DATABASE Blood_Bank;
USE Blood_Bank;

select p.pat_id,p.pat_name,p.age,p.blood_grp,d.doct_name,h.hosp_name from patient p inner join doctor d on p.doct_id = d.doct_id inner join hospital h on h.hosp_id = d.hosp_id order by p.pat_id;

select * from blood;
select * from patient;
insert into transfusion values ('B005','P004','2016-5-3');
update patient set in_patient = 0 where pat_id = 'P004';
CREATE TABLE Blood (blood_id varchar(20) primary key, blood_grp enum('O+','O-','A+','A-','B+','B-','AB+','AB-'), donor_id varchar(20),in_stock bit);
CREATE TABLE Donor (donor_id varchar(20) primary key, donor_name varchar(20), age int);
CREATE TABLE Organisation (org_id varchar(20) primary key, org_name varchar(20), no_of_donations int,city varchar(20));
CREATE TABLE Hospital (hosp_id varchar(20) primary key,hosp_name varchar(20), no_of_doctors int, city varchar(20));
CREATE TABLE Doctor (doct_id varchar(20) primary key, doct_name varchar(20), age int, hosp_id varchar(20));
CREATE TABLE Patient (pat_id varchar(20) primary key, doct_id varchar(20), pat_name varchar(20), age int,in_patient bit);
CREATE TABLE Donation (blood_id varchar(20), donor_id varchar(20), org_id varchar(20),date_of_donation date);
CREATE TABLE Transfusion (blood_id varchar(20), pat_id varchar(20), date_of_transfusion date);

ALTER TABLE Blood ADD FOREIGN KEY (donor_id) REFERENCES Donor(donor_id);
ALTER TABLE Doctor ADD FOREIGN KEY (hosp_id) REFERENCES Hospital(hosp_id);
ALTER TABLE Patient ADD FOREIGN KEY (doct_id) REFERENCES Doctor(doct_id);
ALTER TABLE Donation ADD FOREIGN KEY (blood_id) REFERENCES Blood(blood_id);
ALTER TABLE Donation ADD FOREIGN KEY (donor_id) REFERENCES Donor(donor_id);
ALTER TABLE Transfusion ADD FOREIGN KEY (blood_id) REFERENCES Blood(blood_id);
ALTER TABLE Transfusion ADD FOREIGN KEY (pat_id) REFERENCES Patient(pat_id);

INSERT INTO Hospital VALUES ('H001','Victoria',0,'Bangalore');
INSERT INTO Hospital VALUES ('H002','NIMHANS',0,'Bangalore');
INSERT INTO Hospital VALUES ('H003','Fortis',0,'Delhi');
INSERT INTO Hospital VALUES ('H004','Aster',0,'Chennai');
INSERT INTO Hospital VALUES ('H005','Apollo',0,'Kolkata');
INSERT INTO Hospital VALUES ('H006','Healthcare',0,'Mumbai');
INSERT INTO Hospital VALUES ('H007','St. Joseph',0,'Thiruvananthapuram');
INSERT INTO Hospital VALUES ('H008','AIIMS',0,'Delhi');
INSERT INTO Hospital VALUES ('H009','Sagar',0,'Chennai');
INSERT INTO Hospital VALUES ('H010','Manipal',0,'Mumbai');
select * from patient;
delimiter ^^
CREATE TRIGGER doct_hosp
BEFORE INSERT ON Doctor
FOR EACH ROW
UPDATE Hospital SET no_of_doctors = no_of_doctors + 1 WHERE Hospital.hosp_id = new.hosp_id;
delimiter ;

drop trigger new_transfusion;
delimiter ^^
CREATE TRIGGER new_transfusion
BEFORE INSERT ON Transfusion
FOR EACH ROW
UPDATE Blood SET in_stock = 0 WHERE Blood.blood_id = new.blood_id;
UPDATE Patient SET in_patient = 0 WHERE Patient.pat_id = new.blood_id;
delimiter ;

CREATE TRIGGER in_pat
BEFORE INSERT ON Transfusion
FOR EACH ROW
UPDATE Patient SET in_patient = 0 WHERE Patient.pat_id = new.pat_id;

INSERT INTO Doctor VALUES ('D001','Drew Helwig',50,'H010');
INSERT INTO Doctor VALUES ('D002','Lisa Perkins',37,'H001');
INSERT INTO Doctor VALUES ('D003','Florence Duncan',47,'H001');
INSERT INTO Doctor VALUES ('D004','David Torres',25,'H010');
INSERT INTO Doctor VALUES ('D005','Eddie Kantrowitz',43,'H008');
INSERT INTO Doctor VALUES ('D006','John Bliss',59,'H003');
INSERT INTO Doctor VALUES ('D007','Mary Fischer',25,'H009');
INSERT INTO Doctor VALUES ('D008','James Mccarty',27,'H009');
INSERT INTO Doctor VALUES ('D009','Thomas Heckman',26,'H009');
INSERT INTO Doctor VALUES ('D010','Patricia Elliott',28,'H009');
INSERT INTO Doctor VALUES ('D011','Amanda Desimone',56,'H005');
INSERT INTO Doctor VALUES ('D012','Melisa Belka',33,'H003');
INSERT INTO Doctor VALUES ('D013','Gene Lehman',53,'H006');
INSERT INTO Doctor VALUES ('D014','Clarence Macneil',27,'H002');
INSERT INTO Doctor VALUES ('D015','Elaina Barren',30,'H004');
INSERT INTO Doctor VALUES ('D016','Lorena Gregory',32,'H004');
INSERT INTO Doctor VALUES ('D017','Blossom Humphrey',45,'H008');
INSERT INTO Doctor VALUES ('D018','Terry Butterfield',45,'H007');
INSERT INTO Doctor VALUES ('D019','James Duke',55,'H002');
INSERT INTO Doctor VALUES ('D020','Kristina Henson',26,'H008');
INSERT INTO Doctor VALUES ('D021','Jorge Carroll',51,'H008');
INSERT INTO Doctor VALUES ('D022','Harold Bernal',43,'H005');
INSERT INTO Doctor VALUES ('D023','Amanda Scofield',46,'H005');
INSERT INTO Doctor VALUES ('D024','Kevin Babineau',35,'H002');
INSERT INTO Doctor VALUES ('D025','Joan Scallon',25,'H008');
INSERT INTO Doctor VALUES ('D026','Rafael Buford',37,'H004');
INSERT INTO Doctor VALUES ('D027','Nathan Tagliente',47,'H007');
INSERT INTO Doctor VALUES ('D028','Melinda Davis',32,'H007');
INSERT INTO Doctor VALUES ('D029','Lydia Guerrero',48,'H003');
INSERT INTO Doctor VALUES ('D030','Charles Crumedy',34,'H004');
INSERT INTO Doctor VALUES ('D031','Dewayne Thompson',27,'H009');
INSERT INTO Doctor VALUES ('D032','Dustin Lewis',52,'H005');
INSERT INTO Doctor VALUES ('D033','Mark Robinson',41,'H005');
INSERT INTO Doctor VALUES ('D034','David Lomax',41,'H001');
INSERT INTO Doctor VALUES ('D035','Douglas Holmes',34,'H006');
INSERT INTO Doctor VALUES ('D036','Anthony Johnson',36,'H001');
INSERT INTO Doctor VALUES ('D037','Carlos Woods',44,'H004');
INSERT INTO Doctor VALUES ('D038','Jovan Donovan',51,'H010');
INSERT INTO Doctor VALUES ('D039','Marcus Spueler',31,'H002');
INSERT INTO Doctor VALUES ('D040','Charles Infante',37,'H007');
INSERT INTO Doctor VALUES ('D041','Kimberly Padel',33,'H005');
INSERT INTO Doctor VALUES ('D042','Sung Ferree',58,'H010');
INSERT INTO Doctor VALUES ('D043','Patricia Fischer',58,'H002');
INSERT INTO Doctor VALUES ('D044','David Corbin',59,'H008');
INSERT INTO Doctor VALUES ('D045','Sonya Marth',30,'H002');
INSERT INTO Doctor VALUES ('D046','Dorothy Feasel',49,'H002');
INSERT INTO Doctor VALUES ('D047','Julia James',52,'H008');
INSERT INTO Doctor VALUES ('D048','Gary Fishburn',39,'H003');
INSERT INTO Doctor VALUES ('D049','Randy Hughes',55,'H008');
INSERT INTO Doctor VALUES ('D050','Maria Westfield',25,'H002');
INSERT INTO Doctor VALUES ('D051','Melissa Morris',49,'H007');
INSERT INTO Doctor VALUES ('D052','Devin Adkins',25,'H008');
INSERT INTO Doctor VALUES ('D053','Steven Hackett',37,'H003');
INSERT INTO Doctor VALUES ('D054','Gary Perkins',32,'H005');
INSERT INTO Doctor VALUES ('D055','Judith Stephens',42,'H006');
INSERT INTO Doctor VALUES ('D056','Mary Hughes',45,'H007');
INSERT INTO Doctor VALUES ('D057','Jason Benford',44,'H005');
INSERT INTO Doctor VALUES ('D058','Sheila Brooks',29,'H004');
INSERT INTO Doctor VALUES ('D059','Lona Teig',30,'H006');
INSERT INTO Doctor VALUES ('D060','Wallace Ouellette',34,'H004');
INSERT INTO Doctor VALUES ('D061','William Keller',28,'H003');
INSERT INTO Doctor VALUES ('D062','John Corsi',56,'H008');
INSERT INTO Doctor VALUES ('D063','Jay Douds',34,'H006');
INSERT INTO Doctor VALUES ('D064','Patricia Tobin',48,'H004');
INSERT INTO Doctor VALUES ('D065','Maria Hovey',46,'H009');
INSERT INTO Doctor VALUES ('D066','Anthony Weidenbach',34,'H009');
INSERT INTO Doctor VALUES ('D067','Valerie Russell',45,'H004');
INSERT INTO Doctor VALUES ('D068','Anita Yates',57,'H002');
INSERT INTO Doctor VALUES ('D069','Deborah Deleo',58,'H009');
INSERT INTO Doctor VALUES ('D070','William Philips',33,'H009');
INSERT INTO Doctor VALUES ('D071','Dustin Costa',58,'H007');
INSERT INTO Doctor VALUES ('D072','Sarah Woltz',49,'H006');
INSERT INTO Doctor VALUES ('D073','Anthony Donner',36,'H008');
INSERT INTO Doctor VALUES ('D074','Jose Hernande',58,'H010');
INSERT INTO Doctor VALUES ('D075','Hazel Mcgibney',39,'H010');
INSERT INTO Doctor VALUES ('D076','Juan Cotton',28,'H008');
INSERT INTO Doctor VALUES ('D077','Charles Filmore',31,'H007');
INSERT INTO Doctor VALUES ('D078','Kimberly Collazo',46,'H005');
INSERT INTO Doctor VALUES ('D079','Clarence Love',45,'H010');
INSERT INTO Doctor VALUES ('D080','Anastasia Lewis',49,'H002');
INSERT INTO Doctor VALUES ('D081','John Mcnelis',56,'H009');
INSERT INTO Doctor VALUES ('D082','Clarence Coker',52,'H002');
INSERT INTO Doctor VALUES ('D083','Altha Martinez',43,'H006');
INSERT INTO Doctor VALUES ('D084','Nicole Norwood',42,'H009');
INSERT INTO Doctor VALUES ('D085','Robert Martinez',55,'H005');
INSERT INTO Doctor VALUES ('D086','Blaine Jamison',43,'H008');
INSERT INTO Doctor VALUES ('D087','Loren Bloomquist',48,'H002');
INSERT INTO Doctor VALUES ('D088','Thomas Glaser',39,'H007');
INSERT INTO Doctor VALUES ('D089','Jane Gaudet',33,'H001');
INSERT INTO Doctor VALUES ('D090','Vernell Brooks',34,'H005');
INSERT INTO Doctor VALUES ('D091','Wanda Lyons',60,'H002');
INSERT INTO Doctor VALUES ('D092','James Shaw',34,'H002');
INSERT INTO Doctor VALUES ('D093','Jessie Mendoza',55,'H007');
INSERT INTO Doctor VALUES ('D094','Ray Kenyon',34,'H002');
INSERT INTO Doctor VALUES ('D095','Betty Clark',50,'H004');
INSERT INTO Doctor VALUES ('D096','Richard Holtzclaw',32,'H003');
INSERT INTO Doctor VALUES ('D097','Patricia Scott',35,'H007');
INSERT INTO Doctor VALUES ('D098','Marie Mohler',34,'H010');
INSERT INTO Doctor VALUES ('D099','William Armstrong',39,'H010');
INSERT INTO Doctor VALUES ('D100','Eric Cartman',25,'H006');

delimiter ^^
CREATE TRIGGER org_don
BEFORE INSERT ON Donation
FOR EACH ROW
UPDATE Organisation SET no_of_donations = no_of_donations + 1 WHERE Organisation.org_id = new.org_id;
delimiter ;


INSERT INTO Organisation VALUES ('ORG001','Red Cross',0,'Mumbai');
INSERT INTO Organisation VALUES ('ORG002','AABB',0,'Bangalore');
INSERT INTO Organisation VALUES ('ORG003','Life Care',0,'Delhi');
INSERT INTO Organisation VALUES ('ORG004','Plasma Healing',0,'Chennai');
INSERT INTO Organisation VALUES ('ORG005','Ruby Heart',0,'Kolkata');
INSERT INTO Organisation VALUES ('ORG006','IMA',0,'Thiruvananthapuram');

INSERT INTO Donor VALUES ('N001','Barbara Rizzo',39);
INSERT INTO Donor VALUES ('N002','Leslie Taylor',26);
INSERT INTO Donor VALUES ('N003','Emma Turner',21);
INSERT INTO Donor VALUES ('N004','Patty Hoffman',19);
INSERT INTO Donor VALUES ('N005','Alpha Shafer',21);
INSERT INTO Donor VALUES ('N006','Rodrigo Bowman',39);
INSERT INTO Donor VALUES ('N007','Martha King',28);
INSERT INTO Donor VALUES ('N008','Victor Martinez',38);
INSERT INTO Donor VALUES ('N009','Carroll Morris',36);
INSERT INTO Donor VALUES ('N010','Donald Brodt',38);
INSERT INTO Donor VALUES ('N011','Michael Cyrus',22);
INSERT INTO Donor VALUES ('N012','Adam Colson',18);
INSERT INTO Donor VALUES ('N013','Reba Stevens',21);
INSERT INTO Donor VALUES ('N014','Isabel Warnick',24);
INSERT INTO Donor VALUES ('N015','Henry Meza',29);
INSERT INTO Donor VALUES ('N016','Cody Wiford',18);
INSERT INTO Donor VALUES ('N017','Amy Escalante',35);
INSERT INTO Donor VALUES ('N018','Robert Zanes',22);
INSERT INTO Donor VALUES ('N019','Ricky Golojuch',32);
INSERT INTO Donor VALUES ('N020','Betty Vela',31);
INSERT INTO Donor VALUES ('N021','Wallace Thorne',20);
INSERT INTO Donor VALUES ('N022','Evelyn Compo',21);
INSERT INTO Donor VALUES ('N023','James Bruton',32);
INSERT INTO Donor VALUES ('N024','Diane Hebert',31);
INSERT INTO Donor VALUES ('N025','John Hart',37);
INSERT INTO Donor VALUES ('N026','Mark Bennett',31);
INSERT INTO Donor VALUES ('N027','Melissa Carvajal',36);
INSERT INTO Donor VALUES ('N028','Ruth Bowie',37);
INSERT INTO Donor VALUES ('N029','Kimberly Mendoza',31);
INSERT INTO Donor VALUES ('N030','David Kramer',33);
INSERT INTO Donor VALUES ('N031','Kenneth Curlee',38);
INSERT INTO Donor VALUES ('N032','Janet Adams',18);
INSERT INTO Donor VALUES ('N033','Joan Doherty',18);
INSERT INTO Donor VALUES ('N034','Linda Williams',22);
INSERT INTO Donor VALUES ('N035','William Waterman',22);
INSERT INTO Donor VALUES ('N036','Eddie Fairchild',37);
INSERT INTO Donor VALUES ('N037','Hazel Lunsford',18);
INSERT INTO Donor VALUES ('N038','Marcus Fletcher',29);
INSERT INTO Donor VALUES ('N039','Raymond Waldrop',19);
INSERT INTO Donor VALUES ('N040','George Porter',26);
INSERT INTO Donor VALUES ('N041','Bonnie Mckinley',35);
INSERT INTO Donor VALUES ('N042','Ron Furlow',36);
INSERT INTO Donor VALUES ('N043','Sandra Womack',24);
INSERT INTO Donor VALUES ('N044','Jared Piacente',35);
INSERT INTO Donor VALUES ('N045','Herman Maxham',20);
INSERT INTO Donor VALUES ('N046','Willie Clark',18);
INSERT INTO Donor VALUES ('N047','Seth Wimberly',27);
INSERT INTO Donor VALUES ('N048','Katharine Wermers',31);
INSERT INTO Donor VALUES ('N049','Suzanne Canon',19);
INSERT INTO Donor VALUES ('N050','Nick Decelle',31);
INSERT INTO Donor VALUES ('N051','Pauline Meurer',39);
INSERT INTO Donor VALUES ('N052','Mary Streeter',27);
INSERT INTO Donor VALUES ('N053','Connie Nixon',22);
INSERT INTO Donor VALUES ('N054','Rena Harvey',31);
INSERT INTO Donor VALUES ('N055','Roland Smith',38);
INSERT INTO Donor VALUES ('N056','Richard Hope',35);
INSERT INTO Donor VALUES ('N057','Brandon Duncan',23);
INSERT INTO Donor VALUES ('N058','Jennifer Hill',21);
INSERT INTO Donor VALUES ('N059','Chad Owens',39);
INSERT INTO Donor VALUES ('N060','Ken Boyd',40);
INSERT INTO Donor VALUES ('N061','Carrie Monk',36);
INSERT INTO Donor VALUES ('N062','Sandra Boggio',34);
INSERT INTO Donor VALUES ('N063','Sam Brown',40);
INSERT INTO Donor VALUES ('N064','Randall Ingraham',32);
INSERT INTO Donor VALUES ('N065','Susan Grate',37);
INSERT INTO Donor VALUES ('N066','Tony Plotkin',36);
INSERT INTO Donor VALUES ('N067','Gregory Ross',31);
INSERT INTO Donor VALUES ('N068','Arthur Na',26);
INSERT INTO Donor VALUES ('N069','Vanessa Gruska',19);
INSERT INTO Donor VALUES ('N070','Matthew Perez',40);
INSERT INTO Donor VALUES ('N071','Janet Blanchard',30);
INSERT INTO Donor VALUES ('N072','Irvin Petrich',28);
INSERT INTO Donor VALUES ('N073','Pauline Anderson',33);
INSERT INTO Donor VALUES ('N074','Audrey Busby',27);
INSERT INTO Donor VALUES ('N075','Michael Kehew',21);
INSERT INTO Donor VALUES ('N076','Michael Musick',37);
INSERT INTO Donor VALUES ('N077','Ashley Green',29);
INSERT INTO Donor VALUES ('N078','Gilbert Terry',39);
INSERT INTO Donor VALUES ('N079','Chrystal Mosher',24);
INSERT INTO Donor VALUES ('N080','Elvis Kerr',38);
INSERT INTO Donor VALUES ('N081','Kyle Harris',36);
INSERT INTO Donor VALUES ('N082','Elmer Bavaro',39);
INSERT INTO Donor VALUES ('N083','Ralph Machado',40);
INSERT INTO Donor VALUES ('N084','Rose Cooper',23);
INSERT INTO Donor VALUES ('N085','Grady Bertsch',38);
INSERT INTO Donor VALUES ('N086','Esther Bramlet',39);
INSERT INTO Donor VALUES ('N087','Peter Palacios',38);
INSERT INTO Donor VALUES ('N088','Patricia Turnage',40);
INSERT INTO Donor VALUES ('N089','Michael Fitzwater',40);
INSERT INTO Donor VALUES ('N090','Gwen Stegall',30);
INSERT INTO Donor VALUES ('N091','Pauline Rodriguez',32);
INSERT INTO Donor VALUES ('N092','Andre Garrett',23);
INSERT INTO Donor VALUES ('N093','Alfredo Franco',23);
INSERT INTO Donor VALUES ('N094','Nancy Pennel',29);
INSERT INTO Donor VALUES ('N095','Nora Williamson',19);
INSERT INTO Donor VALUES ('N096','Eunice Leyendecker',18);
INSERT INTO Donor VALUES ('N097','Thomas Declue',18);
INSERT INTO Donor VALUES ('N098','Tom Eusebio',36);
INSERT INTO Donor VALUES ('N099','Edward Akers',27);

INSERT INTO Blood VALUES ('B001','B+','N001','ORG003');
INSERT INTO Blood VALUES ('B002','O+','N002','ORG002');
INSERT INTO Blood VALUES ('B003','O+','N003','ORG002');
INSERT INTO Blood VALUES ('B004','B+','N004','ORG001');
INSERT INTO Blood VALUES ('B005','A-','N005','ORG006');
INSERT INTO Blood VALUES ('B006','B+','N006','ORG006');
INSERT INTO Blood VALUES ('B007','AB-','N007','ORG004');
INSERT INTO Blood VALUES ('B008','A+','N008','ORG005');
INSERT INTO Blood VALUES ('B009','A-','N009','ORG006');
INSERT INTO Blood VALUES ('B010','B+','N010','ORG003');
INSERT INTO Blood VALUES ('B011','B+','N011','ORG002');
INSERT INTO Blood VALUES ('B012','AB+','N012','ORG003');
INSERT INTO Blood VALUES ('B013','A-','N013','ORG004');
INSERT INTO Blood VALUES ('B014','AB+','N014','ORG001');
INSERT INTO Blood VALUES ('B015','B-','N015','ORG002');
INSERT INTO Blood VALUES ('B016','AB-','N016','ORG004');
INSERT INTO Blood VALUES ('B017','O+','N017','ORG003');
INSERT INTO Blood VALUES ('B018','O+','N018','ORG006');
INSERT INTO Blood VALUES ('B019','AB-','N019','ORG006');
INSERT INTO Blood VALUES ('B020','B+','N020','ORG004');
INSERT INTO Blood VALUES ('B021','B-','N021','ORG004');
INSERT INTO Blood VALUES ('B022','A-','N022','ORG003');
INSERT INTO Blood VALUES ('B023','B+','N023','ORG002');
INSERT INTO Blood VALUES ('B024','B-','N024','ORG004');
INSERT INTO Blood VALUES ('B025','O-','N025','ORG005');
INSERT INTO Blood VALUES ('B026','AB+','N026','ORG005');
INSERT INTO Blood VALUES ('B027','O+','N027','ORG005');
INSERT INTO Blood VALUES ('B028','O+','N028','ORG004');
INSERT INTO Blood VALUES ('B029','A+','N029','ORG006');
INSERT INTO Blood VALUES ('B030','B-','N030','ORG006');
INSERT INTO Blood VALUES ('B031','AB-','N031','ORG003');
INSERT INTO Blood VALUES ('B032','A+','N032','ORG001');
INSERT INTO Blood VALUES ('B033','AB-','N033','ORG004');
INSERT INTO Blood VALUES ('B034','AB-','N034','ORG006');
INSERT INTO Blood VALUES ('B035','B-','N035','ORG002');
INSERT INTO Blood VALUES ('B036','A-','N036','ORG003');
INSERT INTO Blood VALUES ('B037','B+','N037','ORG004');
INSERT INTO Blood VALUES ('B038','B+','N038','ORG006');
INSERT INTO Blood VALUES ('B039','AB+','N039','ORG001');
INSERT INTO Blood VALUES ('B040','A+','N040','ORG003');
INSERT INTO Blood VALUES ('B041','O-','N041','ORG004');
INSERT INTO Blood VALUES ('B042','B+','N042','ORG005');
INSERT INTO Blood VALUES ('B043','AB-','N043','ORG003');
INSERT INTO Blood VALUES ('B044','B+','N044','ORG002');
INSERT INTO Blood VALUES ('B045','AB-','N045','ORG003');
INSERT INTO Blood VALUES ('B046','B+','N046','ORG003');
INSERT INTO Blood VALUES ('B047','O-','N047','ORG006');
INSERT INTO Blood VALUES ('B048','O+','N048','ORG001');
INSERT INTO Blood VALUES ('B049','B+','N049','ORG001');
INSERT INTO Blood VALUES ('B050','B-','N050','ORG002');
INSERT INTO Blood VALUES ('B051','AB-','N051','ORG006');
INSERT INTO Blood VALUES ('B052','B+','N052','ORG006');
INSERT INTO Blood VALUES ('B053','AB-','N053','ORG004');
INSERT INTO Blood VALUES ('B054','A-','N054','ORG002');
INSERT INTO Blood VALUES ('B055','O+','N055','ORG005');
INSERT INTO Blood VALUES ('B056','A+','N056','ORG003');
INSERT INTO Blood VALUES ('B057','B+','N057','ORG001');
INSERT INTO Blood VALUES ('B058','A-','N058','ORG003');
INSERT INTO Blood VALUES ('B059','O+','N059','ORG004');
INSERT INTO Blood VALUES ('B060','AB+','N060','ORG006');
INSERT INTO Blood VALUES ('B061','A+','N061','ORG005');
INSERT INTO Blood VALUES ('B062','A+','N062','ORG005');
INSERT INTO Blood VALUES ('B063','B+','N063','ORG004');
INSERT INTO Blood VALUES ('B064','A-','N064','ORG004');
INSERT INTO Blood VALUES ('B065','A-','N065','ORG001');
INSERT INTO Blood VALUES ('B066','AB-','N066','ORG006');
INSERT INTO Blood VALUES ('B067','O+','N067','ORG003');
INSERT INTO Blood VALUES ('B068','O-','N068','ORG003');
INSERT INTO Blood VALUES ('B069','B+','N069','ORG001');
INSERT INTO Blood VALUES ('B070','A+','N070','ORG005');
INSERT INTO Blood VALUES ('B071','A-','N071','ORG006');
INSERT INTO Blood VALUES ('B072','AB-','N072','ORG002');
INSERT INTO Blood VALUES ('B073','O+','N073','ORG003');
INSERT INTO Blood VALUES ('B074','A+','N074','ORG002');
INSERT INTO Blood VALUES ('B075','O+','N075','ORG005');
INSERT INTO Blood VALUES ('B076','A+','N076','ORG004');
INSERT INTO Blood VALUES ('B077','B-','N077','ORG005');
INSERT INTO Blood VALUES ('B078','O+','N078','ORG003');
INSERT INTO Blood VALUES ('B079','A-','N079','ORG005');
INSERT INTO Blood VALUES ('B080','AB-','N080','ORG005');
INSERT INTO Blood VALUES ('B081','B-','N081','ORG001');
INSERT INTO Blood VALUES ('B082','A+','N082','ORG004');
INSERT INTO Blood VALUES ('B083','AB-','N083','ORG002');
INSERT INTO Blood VALUES ('B084','O+','N084','ORG004');
INSERT INTO Blood VALUES ('B085','AB-','N085','ORG004');
INSERT INTO Blood VALUES ('B086','A+','N086','ORG005');
INSERT INTO Blood VALUES ('B087','B+','N087','ORG004');
INSERT INTO Blood VALUES ('B088','B+','N088','ORG006');
INSERT INTO Blood VALUES ('B089','B+','N089','ORG006');
INSERT INTO Blood VALUES ('B090','B-','N090','ORG006');
INSERT INTO Blood VALUES ('B091','B+','N091','ORG001');
INSERT INTO Blood VALUES ('B092','B+','N092','ORG001');
INSERT INTO Blood VALUES ('B093','O+','N093','ORG001');
INSERT INTO Blood VALUES ('B094','A-','N094','ORG003');
INSERT INTO Blood VALUES ('B095','AB+','N095','ORG005');
INSERT INTO Blood VALUES ('B096','O+','N096','ORG005');
INSERT INTO Blood VALUES ('B097','AB-','N097','ORG005');
INSERT INTO Blood VALUES ('B098','B-','N098','ORG004');
INSERT INTO Blood VALUES ('B099','O+','N099','ORG003');

ALTER TABLE Blood DROP Column org_id;

INSERT INTO Donation VALUES ('B001','N001','ORG004','2012-1-12');
INSERT INTO Donation VALUES ('B002','N002','ORG003','2012-1-20');
INSERT INTO Donation VALUES ('B003','N003','ORG005','2012-2-4');
INSERT INTO Donation VALUES ('B004','N004','ORG005','2012-2-13');
INSERT INTO Donation VALUES ('B005','N005','ORG003','2012-2-22');
INSERT INTO Donation VALUES ('B006','N006','ORG006','2012-2-2');
INSERT INTO Donation VALUES ('B007','N007','ORG006','2012-2-13');
INSERT INTO Donation VALUES ('B008','N008','ORG006','2012-2-22');
INSERT INTO Donation VALUES ('B009','N009','ORG001','2012-2-2');
INSERT INTO Donation VALUES ('B010','N010','ORG001','2012-2-7');
INSERT INTO Donation VALUES ('B011','N011','ORG004','2012-2-14');
INSERT INTO Donation VALUES ('B012','N012','ORG005','2012-2-24');
INSERT INTO Donation VALUES ('B013','N013','ORG004','2012-3-3');
INSERT INTO Donation VALUES ('B014','N014','ORG005','2012-3-13');
INSERT INTO Donation VALUES ('B015','N015','ORG003','2012-3-21');
INSERT INTO Donation VALUES ('B016','N016','ORG004','2012-3-27');
INSERT INTO Donation VALUES ('B017','N017','ORG001','2012-4-6');
INSERT INTO Donation VALUES ('B018','N018','ORG005','2012-4-11');
INSERT INTO Donation VALUES ('B019','N019','ORG006','2012-4-19');
INSERT INTO Donation VALUES ('B020','N020','ORG002','2012-4-26');
INSERT INTO Donation VALUES ('B021','N021','ORG004','2012-5-6');
INSERT INTO Donation VALUES ('B022','N022','ORG002','2012-5-16');
INSERT INTO Donation VALUES ('B023','N023','ORG005','2012-5-27');
INSERT INTO Donation VALUES ('B024','N024','ORG006','2012-6-11');
INSERT INTO Donation VALUES ('B025','N025','ORG003','2012-6-20');
INSERT INTO Donation VALUES ('B026','N026','ORG001','2012-6-27');
INSERT INTO Donation VALUES ('B027','N027','ORG005','2012-7-10');
INSERT INTO Donation VALUES ('B028','N028','ORG002','2012-7-19');
INSERT INTO Donation VALUES ('B029','N029','ORG005','2012-7-27');
INSERT INTO Donation VALUES ('B030','N030','ORG004','2012-8-10');
INSERT INTO Donation VALUES ('B031','N031','ORG002','2012-8-17');
INSERT INTO Donation VALUES ('B032','N032','ORG006','2012-8-26');
INSERT INTO Donation VALUES ('B033','N033','ORG005','2012-9-5');
INSERT INTO Donation VALUES ('B034','N034','ORG001','2012-9-16');
INSERT INTO Donation VALUES ('B035','N035','ORG004','2012-9-21');
INSERT INTO Donation VALUES ('B036','N036','ORG001','2012-9-1');
INSERT INTO Donation VALUES ('B037','N037','ORG001','2012-9-11');
INSERT INTO Donation VALUES ('B038','N038','ORG001','2012-9-20');
INSERT INTO Donation VALUES ('B039','N039','ORG005','2012-9-25');
INSERT INTO Donation VALUES ('B040','N040','ORG005','2012-10-3');
INSERT INTO Donation VALUES ('B041','N041','ORG001','2012-10-11');
INSERT INTO Donation VALUES ('B042','N042','ORG005','2012-10-22');
INSERT INTO Donation VALUES ('B043','N043','ORG001','2012-10-2');
INSERT INTO Donation VALUES ('B044','N044','ORG002','2012-10-7');
INSERT INTO Donation VALUES ('B045','N045','ORG002','2012-10-18');
INSERT INTO Donation VALUES ('B046','N046','ORG006','2012-10-26');
INSERT INTO Donation VALUES ('B047','N047','ORG005','2012-11-5');
INSERT INTO Donation VALUES ('B048','N048','ORG001','2012-11-11');
INSERT INTO Donation VALUES ('B049','N049','ORG003','2012-11-22');
INSERT INTO Donation VALUES ('B050','N050','ORG006','2012-12-6');
INSERT INTO Donation VALUES ('B051','N051','ORG005','2012-12-14');
INSERT INTO Donation VALUES ('B052','N052','ORG003','2012-12-19');
INSERT INTO Donation VALUES ('B053','N053','ORG003','2012-12-25');
INSERT INTO Donation VALUES ('B054','N054','ORG001','2013-1-9');
INSERT INTO Donation VALUES ('B055','N055','ORG005','2013-1-19');
INSERT INTO Donation VALUES ('B056','N056','ORG005','2013-2-3');
INSERT INTO Donation VALUES ('B057','N057','ORG006','2013-2-10');
INSERT INTO Donation VALUES ('B058','N058','ORG004','2013-2-16');
INSERT INTO Donation VALUES ('B059','N059','ORG003','2013-2-24');
INSERT INTO Donation VALUES ('B060','N060','ORG005','2013-3-5');
INSERT INTO Donation VALUES ('B061','N061','ORG006','2013-3-13');
INSERT INTO Donation VALUES ('B062','N062','ORG006','2013-3-18');
INSERT INTO Donation VALUES ('B063','N063','ORG004','2013-3-25');
INSERT INTO Donation VALUES ('B064','N064','ORG006','2013-4-3');
INSERT INTO Donation VALUES ('B065','N065','ORG002','2013-4-10');
INSERT INTO Donation VALUES ('B066','N066','ORG002','2013-4-21');
INSERT INTO Donation VALUES ('B067','N067','ORG001','2013-5-3');
INSERT INTO Donation VALUES ('B068','N068','ORG004','2013-5-9');
INSERT INTO Donation VALUES ('B069','N069','ORG002','2013-5-19');
INSERT INTO Donation VALUES ('B070','N070','ORG003','2013-5-26');
INSERT INTO Donation VALUES ('B071','N071','ORG006','2013-6-6');
INSERT INTO Donation VALUES ('B072','N072','ORG003','2013-6-16');
INSERT INTO Donation VALUES ('B073','N073','ORG006','2013-6-27');
INSERT INTO Donation VALUES ('B074','N074','ORG002','2013-7-6');
INSERT INTO Donation VALUES ('B075','N075','ORG001','2013-7-15');
INSERT INTO Donation VALUES ('B076','N076','ORG004','2013-7-24');
INSERT INTO Donation VALUES ('B077','N077','ORG001','2013-8-7');
INSERT INTO Donation VALUES ('B078','N078','ORG004','2013-8-12');
INSERT INTO Donation VALUES ('B079','N079','ORG003','2013-8-19');
INSERT INTO Donation VALUES ('B080','N080','ORG001','2013-8-2');
INSERT INTO Donation VALUES ('B081','N081','ORG004','2013-8-11');
INSERT INTO Donation VALUES ('B082','N082','ORG002','2013-8-16');
INSERT INTO Donation VALUES ('B083','N083','ORG006','2013-8-23');
INSERT INTO Donation VALUES ('B084','N084','ORG003','2013-9-7');
INSERT INTO Donation VALUES ('B085','N085','ORG001','2013-9-14');
INSERT INTO Donation VALUES ('B086','N086','ORG003','2013-9-24');
INSERT INTO Donation VALUES ('B087','N087','ORG003','2013-10-5');
INSERT INTO Donation VALUES ('B088','N088','ORG002','2013-10-11');
INSERT INTO Donation VALUES ('B089','N089','ORG005','2013-10-22');
INSERT INTO Donation VALUES ('B090','N090','ORG001','2013-11-6');
INSERT INTO Donation VALUES ('B091','N091','ORG001','2013-11-15');
INSERT INTO Donation VALUES ('B092','N092','ORG001','2013-11-22');
INSERT INTO Donation VALUES ('B093','N093','ORG003','2013-12-3');
INSERT INTO Donation VALUES ('B094','N094','ORG003','2013-12-12');
INSERT INTO Donation VALUES ('B095','N095','ORG004','2013-12-17');
INSERT INTO Donation VALUES ('B096','N096','ORG002','2013-12-27');
INSERT INTO Donation VALUES ('B097','N097','ORG005','2014-1-6');
INSERT INTO Donation VALUES ('B098','N098','ORG001','2014-1-16');
INSERT INTO Donation VALUES ('B099','N099','ORG002','2014-1-24');

INSERT INTO Patient(pat_id,doct_id,pat_name,age) VALUES ('P001','D083','Sarah Mcadoo',31);
INSERT INTO Patient(pat_id,doct_id,pat_name,age) VALUES ('P002','D092','April Luna',43);
INSERT INTO Patient(pat_id,doct_id,pat_name,age) VALUES ('P003','D056','Linda Anders',79);
INSERT INTO Patient(pat_id,doct_id,pat_name,age) VALUES ('P004','D033','Eldon Rovero',57);
INSERT INTO Patient(pat_id,doct_id,pat_name,age) VALUES ('P005','D067','Fannie Hall',60);
INSERT INTO Patient(pat_id,doct_id,pat_name,age) VALUES ('P006','D026','Gloria Randall',49);
INSERT INTO Patient(pat_id,doct_id,pat_name,age) VALUES ('P007','D002','Linda Garcia',64);
INSERT INTO Patient(pat_id,doct_id,pat_name,age) VALUES ('P008','D055','David Chaney',65);
INSERT INTO Patient(pat_id,doct_id,pat_name,age) VALUES ('P009','D008','Eugene Zachary',78);
INSERT INTO Patient(pat_id,doct_id,pat_name,age) VALUES ('P010','D038','Monica Rojas',8);
INSERT INTO Patient(pat_id,doct_id,pat_name,age) VALUES ('P011','D059','John Fineran',80);
INSERT INTO Patient(pat_id,doct_id,pat_name,age) VALUES ('P012','D029','Monica Smock',65);
INSERT INTO Patient(pat_id,doct_id,pat_name,age) VALUES ('P013','D067','Whitney Turner',3);
INSERT INTO Patient(pat_id,doct_id,pat_name,age) VALUES ('P014','D044','Michael Hankinson',3);
INSERT INTO Patient(pat_id,doct_id,pat_name,age) VALUES ('P015','D003','Robert Weitkamp',50);
INSERT INTO Patient(pat_id,doct_id,pat_name,age) VALUES ('P016','D074','Charles Hawkins',52);
INSERT INTO Patient(pat_id,doct_id,pat_name,age) VALUES ('P017','D013','David Page',79);
INSERT INTO Patient(pat_id,doct_id,pat_name,age) VALUES ('P018','D034','David Ford',47);
INSERT INTO Patient(pat_id,doct_id,pat_name,age) VALUES ('P019','D010','Deborah Mayfield',88);
INSERT INTO Patient(pat_id,doct_id,pat_name,age) VALUES ('P020','D038','Gerald Henry',72);
INSERT INTO Patient(pat_id,doct_id,pat_name,age) VALUES ('P021','D001','Joshua Ross',34);
INSERT INTO Patient(pat_id,doct_id,pat_name,age) VALUES ('P022','D095','Harry Collins',3);
INSERT INTO Patient(pat_id,doct_id,pat_name,age) VALUES ('P023','D077','Brenda Sera',63);
INSERT INTO Patient(pat_id,doct_id,pat_name,age) VALUES ('P024','D098','Rae Fitzpatrick',35);
INSERT INTO Patient(pat_id,doct_id,pat_name,age) VALUES ('P025','D085','Sean Silva',82);
INSERT INTO Patient(pat_id,doct_id,pat_name,age) VALUES ('P026','D078','Paul Charley',2);
INSERT INTO Patient(pat_id,doct_id,pat_name,age) VALUES ('P027','D022','Sheila Atkins',55);
INSERT INTO Patient(pat_id,doct_id,pat_name,age) VALUES ('P028','D053','Rachel Kruse',56);
INSERT INTO Patient(pat_id,doct_id,pat_name,age) VALUES ('P029','D061','Kenneth Carey',53);
INSERT INTO Patient(pat_id,doct_id,pat_name,age) VALUES ('P030','D021','Lesley Lowe',40);
INSERT INTO Patient(pat_id,doct_id,pat_name,age) VALUES ('P031','D044','Susan Paradis',80);
INSERT INTO Patient(pat_id,doct_id,pat_name,age) VALUES ('P032','D042','Jolene Love',93);
INSERT INTO Patient(pat_id,doct_id,pat_name,age) VALUES ('P033','D064','Janice Fennell',90);
INSERT INTO Patient(pat_id,doct_id,pat_name,age) VALUES ('P034','D003','Roger Lopez',84);
INSERT INTO Patient(pat_id,doct_id,pat_name,age) VALUES ('P035','D040','Kenneth Okeeffe',26);
INSERT INTO Patient(pat_id,doct_id,pat_name,age) VALUES ('P036','D097','Joe Mcquillen',64);
INSERT INTO Patient(pat_id,doct_id,pat_name,age) VALUES ('P037','D029','Roseann Gonzalez',73);
INSERT INTO Patient(pat_id,doct_id,pat_name,age) VALUES ('P038','D002','George Baker',93);
INSERT INTO Patient(pat_id,doct_id,pat_name,age) VALUES ('P039','D065','Frankie Woodard',70);
INSERT INTO Patient(pat_id,doct_id,pat_name,age) VALUES ('P040','D053','Pauline Marthe',65);
INSERT INTO Patient(pat_id,doct_id,pat_name,age) VALUES ('P041','D032','Jo Tamura',25);
INSERT INTO Patient(pat_id,doct_id,pat_name,age) VALUES ('P042','D048','Anthony Pfifer',82);
INSERT INTO Patient(pat_id,doct_id,pat_name,age) VALUES ('P043','D068','Mary Doane',100);
INSERT INTO Patient(pat_id,doct_id,pat_name,age) VALUES ('P044','D003','Brad Brown',10);
INSERT INTO Patient(pat_id,doct_id,pat_name,age) VALUES ('P045','D082','Joy Wentzloff',35);
INSERT INTO Patient(pat_id,doct_id,pat_name,age) VALUES ('P046','D006','Vida Tangerman',26);
INSERT INTO Patient(pat_id,doct_id,pat_name,age) VALUES ('P047','D056','Kassandra Douglas',1);
INSERT INTO Patient(pat_id,doct_id,pat_name,age) VALUES ('P048','D079','Amber Parris',13);
INSERT INTO Patient(pat_id,doct_id,pat_name,age) VALUES ('P049','D015','James Washington',95);
INSERT INTO Patient(pat_id,doct_id,pat_name,age) VALUES ('P050','D003','Shirley Cannon',99);
INSERT INTO Patient(pat_id,doct_id,pat_name,age) VALUES ('P051','D092','Linda Devens',38);
INSERT INTO Patient(pat_id,doct_id,pat_name,age) VALUES ('P052','D039','Elyse Russ',44);
INSERT INTO Patient(pat_id,doct_id,pat_name,age) VALUES ('P053','D007','Leslie Maddox',35);
INSERT INTO Patient(pat_id,doct_id,pat_name,age) VALUES ('P054','D054','Lisa Williamson',28);
INSERT INTO Patient(pat_id,doct_id,pat_name,age) VALUES ('P055','D083','Debra White',69);
INSERT INTO Patient(pat_id,doct_id,pat_name,age) VALUES ('P056','D100','Bill Yancey',26);
INSERT INTO Patient(pat_id,doct_id,pat_name,age) VALUES ('P057','D025','Terrence King',20);
INSERT INTO Patient(pat_id,doct_id,pat_name,age) VALUES ('P058','D083','Maurice Guadagno',95);
INSERT INTO Patient(pat_id,doct_id,pat_name,age) VALUES ('P059','D075','Robert Hammond',89);
INSERT INTO Patient(pat_id,doct_id,pat_name,age) VALUES ('P060','D064','Robert Brown',75);
INSERT INTO Patient(pat_id,doct_id,pat_name,age) VALUES ('P061','D097','Alex Bumbrey',81);
INSERT INTO Patient(pat_id,doct_id,pat_name,age) VALUES ('P062','D063','Margaret Chase',6);
INSERT INTO Patient(pat_id,doct_id,pat_name,age) VALUES ('P063','D071','Vicky Zavala',35);
INSERT INTO Patient(pat_id,doct_id,pat_name,age) VALUES ('P064','D083','Janessa Frazier',25);
INSERT INTO Patient(pat_id,doct_id,pat_name,age) VALUES ('P065','D007','Larry Boyles',62);
INSERT INTO Patient(pat_id,doct_id,pat_name,age) VALUES ('P066','D060','Carlos Mosher',9);
INSERT INTO Patient(pat_id,doct_id,pat_name,age) VALUES ('P067','D045','George Maupin',23);
INSERT INTO Patient(pat_id,doct_id,pat_name,age) VALUES ('P068','D001','Jesus Bernier',87);
INSERT INTO Patient(pat_id,doct_id,pat_name,age) VALUES ('P069','D060','Machelle Nunn',64);
INSERT INTO Patient(pat_id,doct_id,pat_name,age) VALUES ('P070','D095','Kevin Crawford',78);
INSERT INTO Patient(pat_id,doct_id,pat_name,age) VALUES ('P071','D010','Mac Mcwhorter',16);
INSERT INTO Patient(pat_id,doct_id,pat_name,age) VALUES ('P072','D035','Odessa Bell',46);
INSERT INTO Patient(pat_id,doct_id,pat_name,age) VALUES ('P073','D093','Edith Smith',98);
INSERT INTO Patient(pat_id,doct_id,pat_name,age) VALUES ('P074','D071','Reynaldo Webb',67);
INSERT INTO Patient(pat_id,doct_id,pat_name,age) VALUES ('P075','D046','Roy Marsh',47);
INSERT INTO Patient(pat_id,doct_id,pat_name,age) VALUES ('P076','D016','Isaac Molina',91);
INSERT INTO Patient(pat_id,doct_id,pat_name,age) VALUES ('P077','D031','Fernando Wells',63);
INSERT INTO Patient(pat_id,doct_id,pat_name,age) VALUES ('P078','D093','Kimberly Jackson',22);
INSERT INTO Patient(pat_id,doct_id,pat_name,age) VALUES ('P079','D060','Joseph Shady',4);
INSERT INTO Patient(pat_id,doct_id,pat_name,age) VALUES ('P080','D037','Alberto Hogan',28);
INSERT INTO Patient(pat_id,doct_id,pat_name,age) VALUES ('P081','D018','Patrick Bateman',98);
INSERT INTO Patient(pat_id,doct_id,pat_name,age) VALUES ('P082','D066','Vincent Grant',82);
INSERT INTO Patient(pat_id,doct_id,pat_name,age) VALUES ('P083','D020','Bonnie Hayes',101);
INSERT INTO Patient(pat_id,doct_id,pat_name,age) VALUES ('P084','D098','Debra Cleveland',27);
INSERT INTO Patient(pat_id,doct_id,pat_name,age) VALUES ('P085','D059','Patrick Wells',92);
INSERT INTO Patient(pat_id,doct_id,pat_name,age) VALUES ('P086','D029','Charlene Lehman',52);
INSERT INTO Patient(pat_id,doct_id,pat_name,age) VALUES ('P087','D055','Nichole Cepeda',28);
INSERT INTO Patient(pat_id,doct_id,pat_name,age) VALUES ('P088','D093','Theresa Hardin',61);
INSERT INTO Patient(pat_id,doct_id,pat_name,age) VALUES ('P089','D053','Bill Rothery',94);
INSERT INTO Patient(pat_id,doct_id,pat_name,age) VALUES ('P090','D061','Cindy Arimoto',45);
INSERT INTO Patient(pat_id,doct_id,pat_name,age) VALUES ('P091','D071','Margaret Mendoza',91);
INSERT INTO Patient(pat_id,doct_id,pat_name,age) VALUES ('P092','D018','Barbara Todd',20);
INSERT INTO Patient(pat_id,doct_id,pat_name,age) VALUES ('P093','D055','Osvaldo Dance',30);
INSERT INTO Patient(pat_id,doct_id,pat_name,age) VALUES ('P094','D028','David Dawood',76);
INSERT INTO Patient(pat_id,doct_id,pat_name,age) VALUES ('P095','D083','Judith Gillespie',61);
INSERT INTO Patient(pat_id,doct_id,pat_name,age) VALUES ('P096','D032','David Calvin',59);
INSERT INTO Patient(pat_id,doct_id,pat_name,age) VALUES ('P097','D082','Mavis Bullock',95);
INSERT INTO Patient(pat_id,doct_id,pat_name,age) VALUES ('P098','D026','Beatrice Murphy',89);
INSERT INTO Patient(pat_id,doct_id,pat_name,age) VALUES ('P099','D082','Garry Gleim',91);

INSERT INTO Transfusion VALUES ('B006','P009','2015-1-17');
INSERT INTO Transfusion VALUES ('B017','P039','2015-3-2');
INSERT INTO Transfusion VALUES ('B032','P010','2015-3-5');
INSERT INTO Transfusion VALUES ('B025','P067','2015-4-9');
INSERT INTO Transfusion VALUES ('B078','P041','2015-4-21');

select d.doct_id,d.doct_name,d.age,h.hosp_name,h.city from Doctor d natural join Hospital h where d.hosp_id = h.hosp_id and h.city like '%thir%' order by d.doct_id;




UPDATE Patient SET blood_grp = 'AB-' where pat_id = 'P001';
UPDATE Patient SET blood_grp = 'B+' where pat_id = 'P002';
UPDATE Patient SET blood_grp = 'AB+' where pat_id = 'P003';
UPDATE Patient SET blood_grp = 'A+' where pat_id = 'P004';
UPDATE Patient SET blood_grp = 'B+' where pat_id = 'P005';
UPDATE Patient SET blood_grp = 'AB-' where pat_id = 'P006';
UPDATE Patient SET blood_grp = 'A+' where pat_id = 'P007';
UPDATE Patient SET blood_grp = 'A+' where pat_id = 'P008';
UPDATE Patient SET blood_grp = 'B+' where pat_id = 'P009';
UPDATE Patient SET blood_grp = 'A+' where pat_id = 'P010';
UPDATE Patient SET blood_grp = 'B+' where pat_id = 'P011';
UPDATE Patient SET blood_grp = 'O+' where pat_id = 'P012';
UPDATE Patient SET blood_grp = 'AB-' where pat_id = 'P013';
UPDATE Patient SET blood_grp = 'O+' where pat_id = 'P014';
UPDATE Patient SET blood_grp = 'AB-' where pat_id = 'P015';
UPDATE Patient SET blood_grp = 'B+' where pat_id = 'P016';
UPDATE Patient SET blood_grp = 'O+' where pat_id = 'P017';
UPDATE Patient SET blood_grp = 'O+' where pat_id = 'P018';
UPDATE Patient SET blood_grp = 'O-' where pat_id = 'P019';
UPDATE Patient SET blood_grp = 'A+' where pat_id = 'P020';
UPDATE Patient SET blood_grp = 'A-' where pat_id = 'P021';
UPDATE Patient SET blood_grp = 'A+' where pat_id = 'P022';
UPDATE Patient SET blood_grp = 'A+' where pat_id = 'P023';
UPDATE Patient SET blood_grp = 'AB+' where pat_id = 'P024';
UPDATE Patient SET blood_grp = 'B-' where pat_id = 'P025';
UPDATE Patient SET blood_grp = 'B+' where pat_id = 'P026';
UPDATE Patient SET blood_grp = 'O+' where pat_id = 'P027';
UPDATE Patient SET blood_grp = 'O-' where pat_id = 'P028';
UPDATE Patient SET blood_grp = 'B-' where pat_id = 'P029';
UPDATE Patient SET blood_grp = 'A+' where pat_id = 'P030';
UPDATE Patient SET blood_grp = 'B-' where pat_id = 'P031';
UPDATE Patient SET blood_grp = 'A+' where pat_id = 'P032';
UPDATE Patient SET blood_grp = 'O-' where pat_id = 'P033';
UPDATE Patient SET blood_grp = 'B-' where pat_id = 'P034';
UPDATE Patient SET blood_grp = 'B+' where pat_id = 'P035';
UPDATE Patient SET blood_grp = 'AB-' where pat_id = 'P036';
UPDATE Patient SET blood_grp = 'AB+' where pat_id = 'P037';
UPDATE Patient SET blood_grp = 'O+' where pat_id = 'P038';
UPDATE Patient SET blood_grp = 'AB+' where pat_id = 'P039';
UPDATE Patient SET blood_grp = 'AB+' where pat_id = 'P040';
UPDATE Patient SET blood_grp = 'O-' where pat_id = 'P041';
UPDATE Patient SET blood_grp = 'AB-' where pat_id = 'P042';
UPDATE Patient SET blood_grp = 'AB+' where pat_id = 'P043';
UPDATE Patient SET blood_grp = 'AB+' where pat_id = 'P044';
UPDATE Patient SET blood_grp = 'O+' where pat_id = 'P045';
UPDATE Patient SET blood_grp = 'O-' where pat_id = 'P046';
UPDATE Patient SET blood_grp = 'A+' where pat_id = 'P047';
UPDATE Patient SET blood_grp = 'AB-' where pat_id = 'P048';
UPDATE Patient SET blood_grp = 'AB+' where pat_id = 'P049';
UPDATE Patient SET blood_grp = 'O-' where pat_id = 'P050';
UPDATE Patient SET blood_grp = 'A-' where pat_id = 'P051';
UPDATE Patient SET blood_grp = 'AB-' where pat_id = 'P052';
UPDATE Patient SET blood_grp = 'O-' where pat_id = 'P053';
UPDATE Patient SET blood_grp = 'B+' where pat_id = 'P054';
UPDATE Patient SET blood_grp = 'AB-' where pat_id = 'P055';
UPDATE Patient SET blood_grp = 'O-' where pat_id = 'P056';
UPDATE Patient SET blood_grp = 'B+' where pat_id = 'P057';
UPDATE Patient SET blood_grp = 'AB+' where pat_id = 'P058';
UPDATE Patient SET blood_grp = 'O-' where pat_id = 'P059';
UPDATE Patient SET blood_grp = 'AB+' where pat_id = 'P060';
UPDATE Patient SET blood_grp = 'A-' where pat_id = 'P061';
UPDATE Patient SET blood_grp = 'A+' where pat_id = 'P062';
UPDATE Patient SET blood_grp = 'O+' where pat_id = 'P063';
UPDATE Patient SET blood_grp = 'O-' where pat_id = 'P064';
UPDATE Patient SET blood_grp = 'B-' where pat_id = 'P065';
UPDATE Patient SET blood_grp = 'A+' where pat_id = 'P066';
UPDATE Patient SET blood_grp = 'O-' where pat_id = 'P067';
UPDATE Patient SET blood_grp = 'B+' where pat_id = 'P068';
UPDATE Patient SET blood_grp = 'B+' where pat_id = 'P069';
UPDATE Patient SET blood_grp = 'B+' where pat_id = 'P070';
UPDATE Patient SET blood_grp = 'O+' where pat_id = 'P071';
UPDATE Patient SET blood_grp = 'AB-' where pat_id = 'P072';
UPDATE Patient SET blood_grp = 'A-' where pat_id = 'P073';
UPDATE Patient SET blood_grp = 'A+' where pat_id = 'P074';
UPDATE Patient SET blood_grp = 'B+' where pat_id = 'P075';
UPDATE Patient SET blood_grp = 'B+' where pat_id = 'P076';
UPDATE Patient SET blood_grp = 'B-' where pat_id = 'P077';
UPDATE Patient SET blood_grp = 'B+' where pat_id = 'P078';
UPDATE Patient SET blood_grp = 'O+' where pat_id = 'P079';
UPDATE Patient SET blood_grp = 'O-' where pat_id = 'P080';
UPDATE Patient SET blood_grp = 'A-' where pat_id = 'P081';
UPDATE Patient SET blood_grp = 'O+' where pat_id = 'P082';
UPDATE Patient SET blood_grp = 'A+' where pat_id = 'P083';
UPDATE Patient SET blood_grp = 'AB+' where pat_id = 'P084';
UPDATE Patient SET blood_grp = 'B-' where pat_id = 'P085';
UPDATE Patient SET blood_grp = 'AB-' where pat_id = 'P086';
UPDATE Patient SET blood_grp = 'B-' where pat_id = 'P087';
UPDATE Patient SET blood_grp = 'O-' where pat_id = 'P088';
UPDATE Patient SET blood_grp = 'B+' where pat_id = 'P089';
UPDATE Patient SET blood_grp = 'AB-' where pat_id = 'P090';
UPDATE Patient SET blood_grp = 'AB+' where pat_id = 'P091';
UPDATE Patient SET blood_grp = 'B+' where pat_id = 'P092';
UPDATE Patient SET blood_grp = 'AB-' where pat_id = 'P093';
UPDATE Patient SET blood_grp = 'B+' where pat_id = 'P094';
UPDATE Patient SET blood_grp = 'AB-' where pat_id = 'P095';
UPDATE Patient SET blood_grp = 'A-' where pat_id = 'P096';
UPDATE Patient SET blood_grp = 'B+' where pat_id = 'P097';
UPDATE Patient SET blood_grp = 'O+' where pat_id = 'P098';
UPDATE Patient SET blood_grp = 'A-' where pat_id = 'P099';